TitleLFW99,64.80863723547664
Title7WR77,66.05949163398571
TitleF6Q9B,66.46292540419432
Title8TVFW,64.89029985148724
TitleH8JO8,65.52256952962811
TitleTIQQB,64.66829378899536
TitleMX686,63.50852323780839
TitleIJHNQ,62.958187627220504
Title0I2YB,66.0382852264839
TitleAQQ0V,65.73058260353643
TitleEI25F,62.11531452750916
TitleFSKOL,63.93337376913287
TitleICBK5,65.82214153761308
TitleG9LIO,66.42650563553552
Title8EO8J,62.95579837796419
TitleVACS4,65.72526534519557
TitleSEGMK,66.99419489404696
TitleRQ40S,65.31515038281172
Title7OQLI,63.89645743015573
TitleUHFMS,61.37610643374507
TitleMIY1E,61.37610643374507
Title8V79A,64.15928473290487
TitleSUP98,64.62959864982639
TitleV7A55,67.07528717286702
TitlePYN9R,64.70111673087419
TitleWHSB9,64.30114904231205
Title4O9W8,62.27271494559033
Title4ADC7,64.23345867732483
TitleAOSNG,63.50852323780839
TitleGLQ1B,64.75418863376385
TitleCWXNH,62.62723760051681
TitlePH4MM,67.22961866550982
TitleX5N97,66.1312619797582
TitleG9XRM,66.83719836500693
Title647P4,63.294626630951925
TitleK0B7U,66.8271782829411
Title0CB6H,65.52068619680989
TitleEDH0J,65.781607376733
Title18PJ9,61.37610643374507
Title8VP4R,64.33702681282092
Title5XUZ4,61.37610643374507
Title87KXM,65.28074638348987
TitleQ9OLH,65.781607376733
TitlePPCRT,65.68222514024502
TitleM7MI8,62.16064337255721
TitleWVZE5,67.29256297514566
TitleFJ1X5,62.16064337255721
TitleQNBB2,65.2825973889498
Title5H0JP,65.260877420294
Title6FG9M,65.31515038281172
TitleL9GDP,64.66829378899536
Title6HBCV,62.04349546418019
TitleKNEJX,64.83602688896951
TitleYSFW0,62.16064337255721
Title3CNEC,64.57824583846626
Title9MZW7,64.69991567124612
TitleX45GJ,65.83588033925074
TitleZ5BEP,66.26750470789403
TitleEPV49,65.01506547461976
TitleHVSAR,65.31515038281172
TitleRQT3I,64.275944211405
TitleAF3SX,66.22910898832446
Title258KB,62.69756547691482
Title18LT0,61.93627594185891
Title5EO7J,65.2195733259684
Title78BKS,61.73579284123272
TitleZ2I84,62.20238706919232
TitleK6XHW,67.62746464608696
Title2SA6A,66.30126503145529
TitleZ09V2,61.73579284123272
TitleM7NTE,62.16064337255721
TitleCXTVO,61.37610643374507
TitleMGGSO,64.68387161234412
TitleJRJ0L,68.42531143514763
TitleI4IBH,61.73579284123272
TitleNA10U,65.83588033925074
Title4Y641,61.578392423151556
TitleXLAO0,66.694493680529
TitleRDHQ6,63.9466155324073
TitleGP2OR,67.2192708205724
Title0PI0L,67.30848968018297
Title6PW1I,66.8271782829411
TitleWUOX2,62.39748056872286
TitleGPEPU,62.16064337255721
Title1JW1L,65.72626211249855
TitleLQAD5,65.6503837392795
TitleDL12F,67.28171541201014
TitleIJK0A,64.77523246404097
TitleXVBNJ,67.41218239522249
TitleGASTL,61.80095696506956
TitleJ828U,61.80095696506956
Title3SY9H,65.781607376733
Title2NHP1,62.69756547691482
Title83IE7,65.24256852944562
TitleA4786,65.35675684540853
TitleLVKQH,65.31515038281172
Title7X53J,62.131906991773256
TitleNFX5G,65.15242930075804
TitleVUB6L,64.72256675151309
Title42WEK,66.26827414863676
TitleFU11S,61.93627594185891
TitleIY8QH,68.18857974684613
Title1EG42,68.25212572130063
Title27F7I,66.723499822853
Title30JVL,65.1087221436686
Title9BRRB,62.572964637999085
TitleWU7VY,65.13280738818868
Title8DKG6,64.58012917128448
Title822S2,64.83602688896951
TitleWZ0U3,65.82214153761308
Title0NZNC,61.43570793304077
TitleOYE7R,61.03966743001365
TitleHW996,68.84243224815195
TitleOTYJ0,65.781607376733
TitleRVC70,64.30767334566583
TitleI2HUM,65.78053507501627
TitleAARF0,64.79788967919647
Title1JG0M,64.26176533578094
TitleN0ES3,61.73579284123272
Title3F9QX,64.58012917128448
TitleRU7EP,61.73579284123272
TitleSTOTN,65.23089395149073
TitleTCTFU,66.66790189993199
TitleKWDKS,61.15354189182707
TitleBUUJR,66.87586721895353
Title3L52R,62.50780051416225
Title6G1P2,61.37610643374507
Title4BGAO,63.602179906857224
TitleZPS32,61.578392423151556
TitleX5ZRG,64.27506513992164
Title3U44O,66.30626050272538
TitlePWUSR,65.82214153761308
Title039A1,62.10637041003949
Title63GE4,64.74044983212619
TitleTV00H,61.77792080252515
TitleQ8KIQ,65.39566489454423
TitleZ1OZZ,62.26951465348348
TitleYR43Y,62.741272634004254
TitleM4QN4,67.1423040808204
Title8VI8P,64.89029985148724
Title8EBYS,63.93337376913287
TitleSZC09,64.32933810243937
TitleODKS6,66.80179978464503
Title90YB1,65.15242930075804
TitleNWGXT,64.89029985148724
TitleOHQ0T,65.78053507501627
TitleM8PKL,62.04349546418019
Title32M7C,65.55852901252439
TitleZ234W,66.05949163398571
Title5C0W3,65.44237066537119
TitleD8VG0,63.89834076297394
Title8UCE9,65.73058260353643
TitleQTNN5,63.602179906857224
TitleCDAQC,61.15354189182707
Title9N0OD,62.10637041003949
TitleCU1I5,65.6503837392795
TitleKCGMW,65.31515038281172
TitleLLZBC,63.06105131069531
TitleJTM4X,65.60589840456777
TitleFRDHK,65.01506547461976
Title25BYZ,64.89029985148724
Title5LLYR,66.40780307079564
TitleBOEWL,62.10637041003949
Title97J4Y,61.3993538375013
Title4GYSK,65.14885137091295
TitleQ81J0,65.8764145001308
Title4E53Y,62.56207347667997
TitleD1QQF,65.83588033925074
TitleIJFUJ,61.73579284123272
TitleSEE57,65.17003505385426
TitleIBPBY,66.31240648573642
Title7S8BC,66.8907242573956
Title8HKC8,65.52256952962811
TitleBV4VN,63.45548169641838
TitleYEOJA,65.41102980792625
TitleID7DV,61.73579284123272
TitleGAPUO,61.37610643374507
TitleID148,61.972630037398375
TitleWDDK2,64.78501202740756
TitleSXVQK,62.16064337255721
TitleJ00AH,62.16064337255721
TitleLQTXC,64.89029985148724
TitleV9BJX,65.05444918115087
Title5WVD3,65.61205741099315
TitleEKV7Q,64.93242781277965
TitleC28GY,65.61205741099315
TitleCDK81,61.73579284123272
TitleHMWMU,64.77523246404097
TitlePSTMQ,65.31515038281172
TitleHMLV3,64.72599957363653
TitleRMRJF,65.1134616349219
TitleEGVIB,66.24922170699041
TitleUPUCU,61.578392423151556
TitleRFTM9,67.79121455597692
TitleFFS5I,65.13280738818868
TitleJISDK,65.31515038281172
TitleX1YFV,65.73058260353643
TitleF8GFO,61.37610643374507
TitleZURC7,65.6503837392795
TitleYDQMQ,64.59021494329528
TitleB2W6M,66.01278586315875
TitleM30WI,65.13280738818868
TitleAMXD1,64.493487432103
TitleIWM48,64.64457040701166
TitleOMKR9,66.64022071801128
TitleAWY3L,64.89029985148724
TitleC0JHX,66.26750470789403
TitleDID9N,62.20238706919232
Title7CM1Y,64.32933810243937
TitleP4QN5,66.88547322430148
TitleDZIIB,62.69756547691482
TitleZOAE6,67.05803782860397
TitleM1IOA,61.32183347122735
TitleGOQYJ,65.781607376733
TitleKIK98,65.92031394810512
TitleK2BNY,64.89029985148724
TitleS1YX4,64.32933810243937
TitleWKRHV,68.18857974684613
TitleXZYJL,65.31515038281172
TitleNJEG0,62.10637041003949
Title8L9LM,66.2200773963924
Title2FM5V,64.79472279464392
TitleO0J40,67.48751024462551
TitleVNQGE,65.260877420294
Title4LGQS,66.42650563553552
TitleD8SRY,65.52068619680989
TitleQX894,62.24451503048475
Title2438T,64.50757728145517
Title2YWQU,68.4468802590791
Title0XW0J,63.808608146000346
Title17PLU,64.8287062525399
TitleETZQ6,68.55491173018876
Title1TN0X,63.005268099862285
TitleA25OE,65.29819578162031
Title8IXIC,64.69991567124612
TitleT83MR,67.38937583822687
TitleDY0XF,65.80477278925044
TitleJ6POZ,65.73058260353643
Title4GP3G,69.0471930881244
TitleS7EFB,66.37884235609148
TitleM31V6,65.01506547461976
Title4T7YE,66.15227826812642
Title6OUL7,66.42650563553552
Title2XP3R,61.43570793304077
TitleV995V,64.59021494329528
TitleH2KVU,61.15354189182707
TitleH4M5J,67.72681335557986
TitleS1D7P,64.97296197365972
TitleKZ20Y,65.05444918115087
Title255V9,65.83588033925074
TitleLCN48,68.02930336383702
Title3PMXU,64.27506513992164
TitleIPKGV,64.89029985148724
Title8QEBT,64.51568641957415
TitleOE88J,65.54665908288818
TitleN9PDN,61.37610643374507
TitleL71CI,65.78053507501627
TitleZB60T,64.51568641957415
TitleKFQSE,65.31515038281172
TitleCE7CW,65.47457578238075
TitleHC2N9,65.11094489973429
TitleHVP3Y,64.18054402259627
TitleT0958,66.26750470789403
TitleLH8DR,68.65396443905068
TitleN3BQA,65.52256952962811
TitleU8DHG,67.04362660415005
TitleKCTG2,61.73579284123272
TitleHLLB1,66.22910898832446
TitleAF5DV,66.80369288741596
TitleS1ACX,64.76346164570062
Title4LDAN,63.754335183482624
TitleUF1WU,63.219457336825165
TitleDOI39,65.15343043381446
Title5ANAM,62.27271494559033
TitleBHYDH,67.07528717286702
TitleHUB2L,65.20460156878313
TitleEP6NV,65.8065077573705
TitleOIMYE,62.62723760051681
TitleQWS3H,64.66878387687164
TitleKXH1L,64.27716583441428
Title6GJ40,66.02159812152736
TitleHXOXO,66.5752073308415
TitleV0SJH,62.16064337255721
TitleCI1D3,65.260877420294
TitleUVISQ,64.89029985148724
TitleZSSOI,61.46451796133814
Title19R6F,65.49369193009873
TitleT7NVW,61.53811090335515
TitleTWESB,64.5277992527885
TitleEYKBX,67.28171541201014
TitleW5IVZ,62.62723760051681
TitleI5GH3,65.31515038281172
Title52RPB,62.69756547691482
TitleEVW3F,67.62147073403095
TitleSFBE8,61.10725832552643
TitleF3M48,62.16064337255721
TitleTR0IY,66.0377254473758
TitleMJQQP,64.1791857148071
Title10CSZ,61.15354189182707
Title67M84,64.89029985148724
TitleOB2V7,65.3576359168919
TitleL31FT,68.60434344029186
Title16EUC,62.20238706919232
TitleC1LTI,61.46451796133814
TitleG56FH,65.72626211249855
TitleV1BYL,62.04349546418019
Title7VR6C,66.9170449699994
TitleHL5IV,62.16064337255721
TitleQOO7Z,62.27271494559033
TitleLVLHT,66.89293522385043
TitleD5563,64.23345867732483
TitlePCA4H,64.1791857148071
TitleUS685,65.76586754645751
TitleHNB80,62.69756547691482
TitleZTRNM,65.52256952962811
TitleYN92I,65.781607376733
TitleQ49SG,65.72626211249855
TitleLPI6J,62.98692400800446
TitleW6SK7,65.3244233947485
Title7MMRV,64.83602688896951
Title1SQL9,65.87833882237597
TitleGLF7O,65.260877420294
TitleG181A,64.45410372557188
Title83J0B,65.06128151583917
TitleOWCGS,62.69756547691482
TitleK7R5M,65.44947357144765
TitleAQQJK,66.5752073308415
Title6WT38,62.04349546418019
TitleZO4HC,63.808608146000346
TitleUPT07,62.10637041003949
TitleABFTJ,61.37610643374507
Title6YTC4,61.32183347122735
Title9OFV8,62.98692400800446
TitleAVBT8,65.37869635726622
TitleL4MEG,67.28171541201014
TitlePWHRQ,67.28171541201014
Title4L1WO,68.91226495128365
TitleMA4HC,64.93242781277965
TitleQI3CT,61.37610643374507
TitleQ0UA3,61.32183347122735
TitleTBY1C,63.975859303213035
TitlePVN8Y,61.80095696506956
TitleP6QRU,64.68387161234412
Title0LDW9,65.31515038281172
TitleR5DTN,62.39748056872286
TitleAKZUB,65.260877420294
Title8W5O4,61.93627594185891
TitleMT97M,65.84291695665601
TitleJML8D,64.30767334566583
TitleOVF7D,65.14885137091295
TitleIR2NT,68.36198739785172
TitleLXRY8,62.643292514397096
Title5AKK1,67.3322268561299
TitleANJT4,65.13280738818868
TitleA5239,61.32183347122735
TitleJWMZ4,66.4298130920719
TitleDOVG8,60.84234321092667
TitleYI3RB,64.75418863376385
TitleDSSO1,63.030631165093894
TitleIFM5G,65.05444918115087
TitleGL6N4,64.95384582594174
Title0T58I,65.72626211249855
TitleM6D5V,68.02930336383702
Title24L0J,61.73579284123272
TitleCRM5Q,61.93627594185891
TitleOH8G7,65.18795144371764
TitleGV6OC,66.18946172378578
TitleBL7XR,67.39266406881951
Title15YBA,61.46451796133814
TitleK21SO,63.808608146000346
TitleAFLQK,68.65396443905068
TitleLH46C,61.4182343950375
TitleBG0CZ,61.73579284123272
TitleB5OYH,64.89029985148724
TitleBP52E,65.52256952962811
Title1UX5I,62.20238706919232
TitleU48UF,63.754335183482624
TitleA1IY2,66.05949163398571
TitleY0BFM,64.93278538556741
TitleFH04Z,64.27506513992164
TitleAF82F,65.2195733259684
TitleATBLK,61.03966743001365
Title96AA9,67.1423040808204
TitleYHMSA,66.0382852264839
TitleO42PH,65.781607376733
TitleBVO76,65.31425795766677
Title3CG5G,67.08373278770814
TitleG591V,65.01506547461976
Title0FEDZ,62.16064337255721
Title1KF9A,64.66829378899536
TitleM5GDO,62.16064337255721
TitleXSNO6,64.5277992527885
TitleZ1HN6,68.18857974684613
TitleIPPFV,67.22040693201482
TitleIETRX,65.72526534519557
TitleWCY20,64.79788967919647
Title2BN1W,67.95049093898604
TitleNHWHI,65.35675684540853
TitleY88AD,64.68387161234412
Title94LEE,62.069030961208526
TitleOPLVA,62.46834599550468
TitleN5XT1,61.80095696506956
TitleYBAYX,62.526144606020075
TitleUFYQO,64.75418863376385
TitleZ73DT,61.80095696506956
TitleLP50M,61.73579284123272
TitleDQC45,64.89029985148724
TitleL7OPZ,62.10637041003949
TitleL8S5H,65.73058260353643
Title13M4N,66.66943897981041
TitleZ5DTF,65.260877420294
TitleQAUJQ,65.6503837392795
Title8UJTT,65.44306208557325
Title4ICIG,62.69756547691482
TitleLZD1F,61.681519878715
TitleQW0V3,65.13280738818868
TitlePRDN7,65.20008299536545
TitleNN1Y5,61.73579284123272
TitleENIO6,61.82420436882579
TitleUUODX,61.461244514774535
TitleJCQCM,63.294626630951925
TitleNEI24,67.5714587782316
TitleJP3DF,65.31515038281172
Title9THB9,62.27271494559033
Title6K755,65.83588033925074
TitleF2NSF,62.98692400800446
TitleDZBNS,66.45595077346069
TitleRR6KD,62.04349546418019
Title2P2UA,67.3145913218509
Title5I1Z2,68.19219804778442
TitleGPLQ1,66.31240648573642
TitleGVDD6,62.56207347667997
TitleXG3B1,64.16503782458865
TitleJKLIJ,66.31240648573642
TitleUI06F,64.89029985148724
Title5ZQJ6,61.73579284123272
TitleDG61H,64.89029985148724
Title588RI,64.69991567124612
TitleQ6CA8,64.56880422489785
Title3JPKO,69.15639229501136
TitleBMWC3,65.260877420294
Title9PR6L,65.65454294507332
TitleHCDGS,66.63709527943891
Title9YK4G,61.37610643374507
TitleJ2KNY,64.83602688896951
TitleDNWKT,61.73579284123272
TitleEOXNV,61.74668400255184
TitleLG4I3,67.29256297514566
TitleK6FR7,62.16826108731272
TitleYUQRB,64.77523246404097
TitleL5AKV,62.69756547691482
TitleB5AYD,65.06897630021017
TitleZVDGJ,67.79121455597692
Title90C9V,64.56880422489785
TitleWRT3D,62.290798596785386
Title8L7KR,65.29819578162031
TitleFJF2L,63.5479069443395
TitleSMS1X,64.22114622385821
Title1T75M,64.83877843849547
TitleW6RE0,63.50852323780839
TitleA8KG1,64.89029985148724
TitleG9WAV,64.83602688896951
Title1GF1F,62.27271494559033
TitleEIRXL,61.8659480654609
Title1I5EJ,63.005268099862285
TitleOJA86,61.578392423151556
TitleN7BDF,64.90356522819536
TitleJU7DZ,64.22864618526302
TitleEATCO,68.41587563119059
TitleF1FWY,66.26750470789403
Title9Y4KX,63.74328912081323
TitleM4CKE,67.1031200922882
TitleLN52E,64.23345867732483
Title7SM0P,65.260877420294
TitleYZGIU,66.39052862167118
TitleDG2Q9,65.368174446784
TitleNMO65,62.98692400800446
TitleQ2416,65.781607376733
Title0YKSH,61.46451796133814
Title88B16,62.04349546418019
TitleWK9QP,65.781607376733
TitleV9F64,64.58987660528815
TitleEQMU3,66.42650563553552
Title89F8J,64.37146606373177
Title22JFS,61.80095696506956
TitleXF5J9,64.58987660528815
Title5K7T3,65.12102396393331
TitleTDHRA,67.31888368774945
TitleMND6Q,66.91271514647092
TitleAN51P,65.30141158117407
TitleVY6BQ,65.73058260353643
TitleMDENH,67.05447416728556
TitleMPB9M,66.09805602802118
TitleTTC2Z,68.18857974684613
Title6193Z,65.73058260353643
Title3W57Q,65.31515038281172
TitleSUHUY,64.76127367726271
TitleDML8N,65.73058260353643
TitleEWIQD,61.74668400255184
TitlePM2DT,64.83602688896951
Title3SS0N,65.41102980792625
TitleQFSPH,61.578392423151556
TitleRDRIU,67.26907757962051
TitleHJGK7,64.23345867732483
TitleOVKVG,64.27399283820492
Title8T568,66.63709527943891
TitleNERXS,65.6503837392795
TitleVWN77,64.75418863376385
Title0X50I,65.83027215257557
TitleZMGJV,62.10637041003949
TitleTS7K5,66.4873105148505
TitleRDAIV,64.32933810243937
Title9AJ0B,64.89029985148724
TitleORIO0,64.51568641957415
TitleGYCWO,61.46451796133814
TitleU9O6U,64.51568641957415
TitleR4RTA,64.66547642033527
TitleVP81F,66.89293522385043
TitleQW83G,62.21844198307261
Title8T56L,65.98127921399418
TitleL0OL9,66.52241262039622
TitleJ9NP6,65.44306208557325
TitleG7TBB,65.30141158117407
TitleJ1NOA,66.26487768028743
TitleHO00S,65.92031394810512
TitleHWRJ5,61.73579284123272
TitleVC735,66.24922170699041
TitleLGK8Z,67.28171541201014
TitleJL41F,61.74668400255184
TitlePFBLL,68.18857974684613
TitleCTMEQ,65.24061715624552
TitleQ7M14,62.21844198307261
TitleJVBAV,67.28171541201014
TitleGGOKG,66.24056823380026
TitlePO2U6,65.83588033925074
TitleIKWH3,65.13280738818868
TitleMFTFQ,65.21315118396105
Title1TP5B,65.29596242047998
TitleZRAYF,67.31888368774945
TitleRZ0T6,65.2402122226098
TitleDQKNF,63.71476768590165
Title5EUND,62.56207347667997
TitleA3EX2,65.41102980792625
Title34NX8,65.1134616349219
TitleXGOR3,65.260877420294
TitleYMCL8,65.72081295180446
Title796OJ,63.808608146000346
TitleHAGZK,64.89029985148724
TitleYCATD,66.58908947508101
TitleIQX69,65.36591251602813
Title2ZD34,65.62945210010761
TitleWYFG7,63.808608146000346
TitleF9NH2,65.23089395149073
TitleU5G6M,62.4046730585988
Title1D144,64.89029985148724
TitleRCU9S,64.15928473290487
TitleV8IGR,64.27399283820492
Title8C614,65.31515038281172
TitleXBMLA,66.83406667643696
Title14XOY,65.260877420294
TitleK5X9K,63.50852323780839
TitleJ58FR,66.4873105148505
Title4598L,66.68862549996969
Title0V24O,65.76586754645751
TitleSXB2K,66.9170449699994
TitleCFS7C,66.31240648573642
TitleFGSAR,61.73579284123272
TitleNR01C,66.63709527943891
TitleOG0W5,63.93337376913287
TitleO0W9A,65.78053507501627
TitleODHIB,63.808608146000346
TitleLUTU8,62.65048500427304
Title69CAK,62.69756547691482
Title3P32Y,61.972630037398375
TitleO8D32,65.78053507501627
TitleAWHMQ,64.72551554541995
TitleCNMOH,64.75418863376385
TitleFEP4O,65.415010647811
TitleWZ6PW,65.01506547461976
TitleX5K7N,65.781607376733
TitleC03L7,63.808608146000346
TitleE5Q54,64.89029985148724
TitleAHRGL,65.42240351435566
TitleH9W66,65.31515038281172
TitleIQ5E1,65.31515038281172
TitleJUKCO,66.24699206893756
TitleLJ0HP,64.77523246404097
Title31HIX,67.04362660415005
Title2YVFS,64.23345867732483
Title7GE1E,66.26750470789403
TitleLAX39,65.1503286062654
TitleYA3NG,63.92119592504477
TitleJ6NO7,65.13280738818868
TitleI2EAL,61.681519878715
TitleON75V,65.06614906774085
TitleNSMKO,62.98692400800446
Title9NR7W,61.37610643374507
TitleAUB8Z,69.48294361308916
TitleKWKPE,62.39748056872286
TitleIQUMU,65.78053507501627
TitleLOAM5,68.18857974684613
TitleC9G4T,65.1134616349219
Title4VPLQ,67.30912610956469
Title0JYDR,65.72626211249855
TitleTS8MI,65.31515038281172
Title70DMK,64.89029985148724
Title2UAUP,65.78053507501627
TitleV9PHV,67.28171541201014
Title0NBS8,61.73579284123272
TitleLCJLX,65.13280738818868
TitleJV2TP,66.45595077346069
TitleM5KKM,66.68862549996969
TitleAXQAR,65.260877420294
TitleFBOKU,67.43637122590896
TitleWVYD0,64.68387161234412
TitleQ665Z,61.578392423151556
Title9D0M3,65.31515038281172
TitleO03XW,66.20137483165252
Title3YH7M,64.89029985148724
Title3YXZM,61.15354189182707
TitleM0RKL,65.31515038281172
TitleZAVMZ,64.63270047737545
TitleLDTY4,62.62723760051681
TitleWF3RA,67.79121455597692
TitleYS2LK,65.80425845699997
TitleIVJWF,66.24699206893756
TitleKI2RS,66.57458488842131
Title6TJK1,65.45937771681457
TitleXATVK,65.41102980792625
Title14NP1,63.005268099862285
Title88QCI,64.66878387687164
Title3Q1LO,65.08672323688792
TitleJU11L,65.6503837392795
TitleYGI2R,65.39566489454423
TitleFP4TU,65.52256952962811
TitleGG54T,62.27271494559033
TitleKBM00,64.93042907873159
Title30J96,63.219457336825165
Title1PVTI,64.76127367726271
Title9SYKK,65.260877420294
TitleK43ZC,65.30141158117407
TitleDUHSS,62.56207347667997
Title7RRXC,64.1791857148071
TitleUEQYV,61.681519878715
TitleMMLEF,64.83602688896951
TitleA4BTU,64.79788967919647
Title0JE6G,64.02703043818171
Title6684W,66.15227826812642
Title4J7NH,65.83588033925074
Title97VMD,63.754335183482624
Title56FM2,62.16064337255721
Title7YWQ3,63.93337376913287
TitleTPE9A,65.73058260353643
TitleZ9JYL,65.3556845436918
Title4KML8,65.13280738818868
TitleSB7JJ,64.89029985148724
TitleUKTON,64.47438842837026
Title8JHPF,61.73579284123272
Title8ERJ3,64.83685075593633
Title92E6Y,65.92031394810512
Title3JI79,65.35288701772875
TitleCCA3E,66.39052862167118
TitleAAFMA,62.533337095896016
TitleN92N1,65.31515038281172
TitleTF80F,66.34804308759101
TitleLZ9SM,65.31515038281172
TitleEAV6S,61.15354189182707
TitleQE6FG,65.8764145001308
TitleTB2GA,66.58908947508101
TitleBBECR,64.89029985148724
TitleTA8CG,65.35675684540853
TitleVP632,68.18857974684613
TitleE37LN,64.97357255649284
TitleQQEIH,65.72626211249855
TitleKUOCF,64.89029985148724
TitleRJ4DB,64.89029985148724
TitleH4R66,63.754335183482624
Title2RXBY,62.98692400800446
TitleQNEVA,67.28171541201014
Title2BX68,62.10637041003949
TitleRBCJL,65.98127921399418
Title6FJ20,64.79788967919647
TitleK3Z5V,62.21844198307261
TitleNSRC8,67.28171541201014
Title8658E,65.72081295180446
TitleZR6HH,67.03812631459418
Title3QBL1,64.93278538556741
TitleQ0GCF,67.07528717286702
Title1QYC3,67.23489846667738
Title0GBN3,65.11705127564208
TitleERDQE,64.89029985148724
TitleUHUX2,62.5804175685378
TitleVCV0Y,62.16064337255721
TitleW2VYR,62.56207347667997
Title2LMH6,65.3576359168919
Title40OVF,64.0292531942474
TitleO40PV,65.41102980792625
Title1WH1V,61.73579284123272
Title1GGZB,65.61280197504212
Title6ZNYY,68.03684347043615
TitleNVDHU,63.754335183482624
TitleI5HX1,67.04362660415005
TitleOAFIR,66.31240648573642
TitleCA4XO,65.3556845436918
Title611CG,65.35675684540853
Title3KZV8,62.20238706919232
TitleGUQQ7,65.62945210010761
TitleVG0XS,65.72626211249855
TitleSYAJ2,61.32183347122735
TitleE6FGY,64.77523246404097
TitleZA1B3,65.42475389858954
TitleF3YLT,65.30141158117407
TitleV3E0J,64.75418863376385
Title3DVJ5,62.04349546418019
Title9490D,61.10725832552643
TitleAIYIR,65.41102980792625
TitleMLDBZ,69.4168225308205
TitleJL6YK,68.34371958805976
Title4JVW0,61.73579284123272
Title78UQJ,62.69756547691482
Title4C6JS,65.4457127576358
TitleL9Y48,61.37610643374507
TitleGAEWM,65.49535444358337
Title63F7U,66.31518101062633
Title6HGIR,67.28171541201014
TitleQ7BR6,64.74044983212619
Title22OV9,66.24922170699041
TitleI95P5,65.13280738818868
TitleQJ4C6,62.04349546418019
Title1HSAV,66.07709220276624
TitleQ3BQE,64.43526286733155
TitleYYPUT,64.1791857148071
TitleE3CJT,67.94354476296311
Title378PE,67.28171541201014
TitleYXWE6,65.3037581970643
Title7O5LP,63.89834076297394
TitleXO3XY,64.95579719914184
TitleJ7VTK,61.82420436882579
Title4LRYC,65.13280738818868
TitleUOWQD,61.82420436882579
TitleA0D9U,62.69756547691482
TitleNJY3F,64.64457040701166
Title8TUE5,64.89029985148724
TitleV5HM2,65.73058260353643
TitleEI2T2,61.73579284123272
TitleHHLQO,67.79121455597692
TitleF0RUA,65.7260146624851
TitleAJ2N2,66.85168609487738
Title3QKIG,64.23345867732483
TitlePUEI8,64.90687268473174
TitleIVN3Q,65.52256952962811
TitleR9PDY,65.31515038281172
TitleVNGKQ,65.01506547461976
Title2IC2I,62.86977609962744
TitleI50A6,66.80369288741596
Title79XYB,66.99419489404696
Title0DSQK,64.31612079949731
TitlePGHEZ,61.73579284123272
TitleHGTM1,64.63270047737545
Title2GIU2,65.52256952962811
TitleKGSN1,64.72256675151309
Title2POD1,61.93353896097368
TitleQ2RY1,65.65115318002223
TitleYBQAZ,65.13280738818868
Title8ZYT7,64.32933810243937
TitleJU74Z,61.681519878715
TitleBLNHM,64.83602688896951
TitleTFZZG,65.31515038281172
Title3AH6D,62.16064337255721
TitleBCP9O,61.690463996184675
TitleTI63D,66.63287899732109
TitleK6IX3,61.82420436882579
TitleX22Z8,61.578392423151556
Title93BJX,62.98245896727139
TitleD6UC3,67.70731605158198
TitleG2GE6,64.76127367726271
TitleCZ09K,62.27271494559033
TitleA1WS2,65.41102980792625
TitleUGHI2,64.27399283820492
Title7XQ09,65.260877420294
Title5WD4S,61.80095696506956
Title8WDNG,62.290798596785386
TitlePGCSO,66.1312619797582
TitleXFB40,64.89029985148724
Title26BHG,64.93042907873159
TitleJD4JF,63.46662258761597
TitleY4XYP,65.83588033925074
TitleAJSX1,61.681519878715
TitleVJ1UG,65.31515038281172
TitleZS6OP,65.41102980792625
TitleHEMH3,62.10637041003949
Title7LZLZ,62.98692400800446
TitleIEUL3,67.28171541201014
TitleA9ZZ0,62.86977609962744
Title6UZLX,62.51205315259411
TitleL68U3,64.51568641957415
TitleH34BX,66.01278586315875
TitleXZOR2,65.44237066537119
Title9Q034,65.78053507501627
Title1L2YW,65.73058260353643
Title7EMQW,63.808608146000346
TitleNMDW9,62.16064337255721
Title4SOK6,65.92031394810512
TitleHIIKG,62.98692400800446
TitleJ6OUO,64.89029985148724
TitleV2ZI6,67.28171541201014
TitleEGJME,62.46834599550468
TitleHMKKD,64.0206331113547
TitlePWFPI,64.56880422489785
TitleMNQ3W,65.1134616349219
TitleVIBB1,61.73579284123272
TitleJJZA5,62.98692400800446
TitleSICYR,65.31515038281172
TitleM3VGM,61.37610643374507
Title7LKBH,62.16064337255721
Title4Y7J8,65.31515038281172
Title2LFUJ,65.22292732240197
TitleE1KFC,66.4873105148505
TitleXZ6VX,66.4873105148505
TitleX5TX2,63.92119592504477
Title9L6F7,67.98215150770301
TitleUV0RX,66.14990966714052
TitleS8AJY,61.15354189182707
Title1JQ05,64.89029985148724
TitleKYX1N,67.4313549636679
Title82OMP,65.1503286062654
TitleBNX81,64.31612079949731
TitleB1AEB,65.260877420294
Title8HFYL,65.66546768757
Title27AIM,66.26827414863676
Title9FYQQ,67.28171541201014
Title5OV9D,61.46451796133814
TitleMZJHG,64.83602688896951
TitleXOS0M,65.3556845436918
TitleBACYX,65.72626211249855
Title9AKRK,65.73058260353643
Title1Q2W4,65.71167027817019
TitleFWISC,62.62723760051681
TitleROT6X,64.30114904231205
TitleBKDU8,67.28171541201014
TitleWZJV8,64.56880422489785
Title3KZX5,67.04362660415005
TitleFCGJM,64.32933810243937
TitleJ56DY,62.20238706919232
Title5VLDW,66.45101668762905
TitleU7X4A,62.98692400800446
TitleY10R0,66.30126503145529
TitleEKQ53,66.18946172378578
TitleW0VCR,67.62746464608696
TitleBV0OU,61.46451796133814
TitleJUE2Y,63.677507420450226
TitleJ62S2,61.681519878715
TitleN9ANY,65.22292732240197
TitleEHNRI,62.643292514397096
TitleS55G3,62.16064337255721
Title0SVP8,64.68387161234412
Title4BIIL,62.69756547691482
TitleP469R,62.69756547691482
TitleW6PBL,62.20238706919232
Title8554U,62.741272634004254
TitleKI71G,66.31240648573642
Title88VI1,62.16064337255721
TitleSH9LB,66.26750470789403
Title460J1,64.77523246404097
TitleG1Y52,64.30767334566583
TitleIWJR5,64.32933810243937
TitleA9DR3,67.28171541201014
TitleMLFU4,63.808608146000346
Title3NKI2,66.64022071801128
TitleB8VLW,68.43264856594006
TitlePC346,66.05949163398571
TitleG3G2J,64.93042907873159
Title5DS6A,61.37610643374507
TitleRWILB,64.89029985148724
TitleR2PDC,65.1503286062654
TitleTBAO2,62.290798596785386
TitleMSWGF,65.20460156878313
TitleYLGYR,61.860558464365255
TitleM13M8,62.98692400800446
TitleS1SEQ,65.1087221436686
TitleQHSR9,64.89029985148724
TitleF9P8D,65.5315337599454
TitleZ9O72,65.260877420294
TitlePVUB5,67.62746464608696
TitleRZAO0,61.73579284123272
TitleJHLI9,64.12290986329624
TitleREUNA,61.80095696506956
TitleKEVHR,61.03966743001365
TitleA3ICI,61.73579284123272
Title7I95S,65.31515038281172
TitleKE25L,64.53094666781736
Title7OLL4,64.56880422489785
Title0HGK8,66.01278586315875
Title7IQDL,61.80095696506956
TitleR1DYG,64.89029985148724
Title59TJT,66.66459444339561
Title3TWLR,65.41102980792625
TitleYSGBV,65.83588033925074
TitleL3AYF,67.0676289218277
TitleUMG3L,65.05444918115087
TitleNPER0,66.00692447351436
Title7ZDT2,65.35950839493448
TitleCSBJU,63.808608146000346
Title39ZES,61.37610643374507
TitleHC1GA,64.97296197365972
TitleNFXHI,65.7507647085207
TitleJC4E2,66.45595077346069
TitleFVC1X,61.73579284123272
TitleDYPTL,65.31515038281172
TitleDJ7W9,65.44306208557325
TitleLY689,64.82498082630012
Title8E4Z1,66.4873105148505
TitleWMYFL,62.69756547691482
TitleTFNOY,65.50417354880801
Title8CD1X,64.51568641957415
TitleYFZA9,65.37869635726622
TitleD02NO,65.72526534519557
Title9ITLN,65.23089395149073
Title8VJG0,68.58180839591985
TitleREFHY,62.56207347667997
TitleDVRCS,61.81966449916026
TitleZX3LI,65.31515038281172
TitleS8QPX,65.04347693688503
TitleTIRJ4,65.1087221436686
Title8W9AG,65.71167027817019
TitleQ0R5G,62.20238706919232
TitleFLO7M,68.84243224815195
TitleOZJGR,64.493487432103
TitleUEYFG,65.415010647811
TitleQL4V1,64.12290986329624
TitleESN2R,62.261988568488015
TitleAWNOO,65.74998549448225
TitleSNJWS,64.79667416784402
TitleLKO92,65.62945210010761
Title9D5AA,61.3993538375013
TitleWT6SF,64.30767334566583
Title588J8,61.73579284123272
Title0SMJO,62.16064337255721
Title9TBW1,65.20699757390268
Title0ELK1,61.32183347122735
TitleGXFLR,65.73058260353643
TitleMQXRX,65.31515038281172
TitleD2VER,65.2825973889498
TitleDAON2,61.3993538375013
TitleP5SIJ,61.73579284123272
Title8B3E4,65.29819578162031
TitleYYHNQ,65.3556845436918
Title2PE1M,64.89029985148724
Title0SO9F,64.1791857148071
TitleWQ4BM,66.18738587413362
TitleYQZPK,65.72626211249855
TitleFCUWU,64.89029985148724
TitleVFB6H,62.5804175685378
TitleUHPX9,61.80095696506956
TitleSMDNP,64.8085592235551
TitleWKBSS,65.61205741099315
TitleIZP7P,67.04362660415005
Title43RME,64.91149151507805
Title4MRML,65.72526534519557
TitleRYP89,66.32048848610621
TitleYJNQ6,68.02930336383702
Title0PAED,62.56207347667997
TitleMN8X2,62.20238706919232
TitleK81LV,65.52068619680989
TitleG2JPO,62.16064337255721
TitleZEYQ7,61.37610643374507
Title73MXX,66.33614483588127
TitleND3FY,69.62177698721591
Title9I4HI,61.37610643374507
Title6LB8T,61.80095696506956
TitleSK12O,62.16064337255721
Title62H2O,61.3993538375013
TitleIW3LW,65.83588033925074
TitleJ9YHG,65.20699757390268
TitlePD5S6,64.51568641957415
TitleDOFWI,58.52105363858914
Title7J14K,61.391469067930366
TitleZGAJN,61.74668400255184
TitleUFC1H,61.82420436882579
Title2B83U,62.69756547691482
TitleLVG9X,65.78370807122565
TitleS0S4S,64.83602688896951
TitleB6LB8,63.85073610729277
Title6JWPG,66.30126503145529
TitleAPD84,67.62746464608696
TitleQL20Z,62.629201060971134
Title0JA99,62.69756547691482
TitleZA7L7,61.972630037398375
TitleT7UA0,61.80095696506956
TitleCWDVV,63.754335183482624
TitleUN41S,64.69884336952938
TitleU5I69,67.04362660415005
TitleXV8OR,65.39566489454423
TitleY5SZO,61.73579284123272
Title6240M,65.86529253159921
TitleNAA5U,63.91757101364629
Title79L43,66.24922170699041
Title2VFXO,66.65484641599033
TitleGVMF2,65.68222514024502
TitleEWXGP,66.05949163398571
Title0IEJT,61.43570793304077
Title7IURP,62.69756547691482
TitleZMS0G,64.63270047737545
Title9SCSB,65.73058260353643
TitleICJLB,65.01506547461976
Title4N9QJ,65.92031394810512
TitleB6SFO,63.808608146000346
TitleC2RNN,61.37610643374507
TitleDLOR9,62.5804175685378
TitleE8N1F,65.73058260353643
TitleBQJJS,61.80095696506956
TitleFD2OQ,62.98692400800446
TitleV9K3Z,61.03966743001365
Title99QX1,65.04347693688503
TitleYO3KM,66.62781634953309
TitleHWV73,62.526144606020075
Title25PK4,65.42116425786936
Title0IWU0,61.80095696506956
TitleFFYMT,65.87833882237597
TitleCWFWB,64.83602688896951
TitleHNWJD,69.0471930881244
TitleZJD05,62.69756547691482
TitleWWDV1,65.31515038281172
TitleS6THT,66.30126503145529
Title70QKM,65.3244233947485
Title6T23I,65.04347693688503
TitleALOKY,65.73058260353643
Title2WRUI,65.31515038281172
TitleIUA19,65.260877420294
Title2A9XG,62.27271494559033
TitleZ48Q6,65.62834662302662
TitleBRXSP,62.69756547691482
TitleJ9JMI,61.73579284123272
Title2HYG1,61.979822527274315
Title8E0B4,65.80425845699997
TitlePLHUK,61.77792080252515
TitleV852V,62.95099513734456
TitleBPAQ5,62.27271494559033
TitleD9BFN,66.80369288741596
Title30IV1,64.1791857148071
TitleNTQU8,67.62746464608696
TitleXHP13,65.260877420294
Title9WLIH,64.89029985148724
Title7J126,62.958187627220504
TitleV2PWG,65.72626211249855
Title2J65T,67.79121455597692
Title1P0JS,65.781607376733
TitleKOB7P,64.77523246404097
TitleZY7R3,64.56880422489785
TitleVZ5BC,61.73579284123272
Title5DV9W,65.31515038281172
TitleRZL71,64.89029985148724
TitleCX5OQ,63.89834076297394
TitleR0DZC,62.4046730585988
Title9MNY7,64.90687268473174
TitleHM7N9,64.59021494329528
Title7FAJ6,66.18946172378578
TitleKWF01,62.526144606020075
TitleIZRYL,64.32933810243937
TitleRFCI9,65.260877420294
TitleK7B6Z,62.5804175685378
Title5PT48,62.815503137109715
Title2XT6T,65.35675684540853
TitleBHM8Y,67.90105922888294
TitleQ44WB,66.24699206893756
Title6MK4W,62.16826108731272
TitleVWMAA,65.5058119622555
TitleRINOT,65.20460156878313
Title1P6RF,63.808608146000346
TitleNDF42,65.33844795456015
TitleGW5IQ,65.29819578162031
TitleBZUMR,65.06614906774085
TitleSAVA1,64.27506513992164
TitleA2FKB,63.754335183482624
Title9UO19,62.46834599550468
TitleQMOAC,64.89029985148724
TitleUJO55,62.46834599550468
TitleI0LOH,67.79121455597692
TitleMY66V,62.3611264731834
Title0L60D,65.16530036345067
TitleISJYH,65.31515038281172
Title2IDJ5,65.31515038281172
TitleAQN3I,68.35813081251368
TitleNTPRN,64.89029985148724
TitleX0LFR,68.02930336383702
TitleOTM5U,66.31240648573642
TitleVXI0F,68.18857974684613
Title8GSMN,65.31515038281172
Title07HDM,65.31515038281172
TitleF3U8R,64.70347844116974
TitleFMYWN,65.35913892651782
Title1VGK1,64.74044983212619
Title7FQAU,65.29819578162031
Title396JG,61.53210885685092
Title49N0C,62.16064337255721
TitleI0QE9,61.73579284123272
TitleHY9KZ,66.8271782829411
TitleIJK8B,62.98692400800446
TitlePJ7XX,61.73579284123272
TitleM04CE,64.89029985148724
Title00IIZ,65.98303348464266
TitleJZX70,63.808608146000346
Title6EAOX,66.99419489404696
TitleO794O,67.28171541201014
TitleTHURR,61.73579284123272
TitleRFKRE,61.82420436882579
TitleA14CF,66.29384581930368
TitleW7ZZA,64.14920224600384
Title9KHT5,62.71237568154627
Title44AED,65.20008299536545
TitleVC0QV,65.52256952962811
TitleKAXBO,65.68667360115903
Title9L4G6,65.32936719191565
TitleKPVWV,63.808608146000346
TitleXLCE0,62.261988568488015
TitlePDPE7,61.73579284123272
TitleFYMJ1,64.69884336952938
TitleWZFOI,62.56207347667997
TitleX0AB7,68.32496548787702
TitleFFLSS,63.808608146000346
TitleBAWYQ,64.57511562068102
TitleJNM5A,63.2631147391251
Title3GAGV,62.94574869572211
TitleDXT5Y,64.89029985148724
TitleUQTZR,64.1791857148071
TitleLRG3J,61.3993538375013
TitleZVNUY,62.6868390998125
TitleQ8TWQ,64.27399283820492
Title0E678,64.90356522819536
TitleV91WL,65.17644224738889
TitleIP70I,65.73058260353643
TitleL53X9,63.870043079207406
TitleABZEA,64.77523246404097
TitleT51A7,65.83588033925074
TitleB3638,65.83588033925074
Title3T9XT,65.41102980792625
TitleUN2OC,61.73579284123272
Title62LOO,65.23429267576621
TitleNBFP1,65.781607376733
Title09TGV,65.3556845436918
TitleON1VY,62.46834599550468
TitleUDQXO,64.89029985148724
TitleL8YMJ,61.73579284123272
TitleYNDBE,65.58308927197689
TitleFWTSP,64.89029985148724
Title424KC,64.83602688896951
Title3819T,65.781607376733
TitleAGWJ9,65.3244233947485
TitleF2AEC,66.66790189993199
TitleRU8EG,61.37610643374507
TitleSUPGO,65.52256952962811
TitleM2A4A,66.72958822108963
TitleKTQVP,62.56207347667997
TitleQWYOG,65.20460156878313
TitleUOZD1,64.10152680378138
Title8Z94Z,65.73058260353643
TitleVDBYX,65.32936719191565
TitleZFBYH,63.602179906857224
TitleXUOKQ,64.1791857148071
TitlePAY3R,62.16064337255721
Title1WP2O,69.89529353643898
TitlePB4C9,64.27716583441428
Title8XWOR,64.73897259677373
TitleP23O4,65.06721528702988
TitleST3S0,64.02703043818171
TitleY3J6Q,67.19998972666232
Title0BUPL,65.31515038281172
TitleGTYG7,64.27716583441428
TitleWPRJ1,61.844664122158996
Title8UIKJ,65.78053507501627
TitleFR5MK,68.65396443905068
TitleTIFWR,64.07173872832757
Title5QO84,65.62945210010761
Title0F8AP,65.65574448281521
Title1V9G1,65.31425795766677
TitleCD0XS,62.56207347667997
TitleND2T4,64.27399283820492
TitleE7X92,64.21971987568719
TitleKDCQI,67.80562578043084
TitleG1KVF,61.15354189182707
TitleTSEK0,61.73579284123272
Title5A4R3,61.37610643374507
Title7XCBD,62.643292514397096
TitleQ0XV2,61.53811090335515
TitleOEC3Q,61.73579284123272
TitleY0Y06,65.30141158117407
TitleQ8N2Y,65.35675684540853
TitleW8N5U,63.47686572856772
Title062F6,61.80095696506956
TitleAFC3Y,63.78647943490138
TitleRE78M,65.01506547461976
TitleMVJYK,64.76127367726271
TitleJ7BJN,62.98692400800446
TitleKBJ1Z,61.37610643374507
TitleB5JX5,61.73579284123272
Title02VYQ,62.62723760051681
Title798DR,64.8623324309068
TitleWV4ZH,65.14741728283757
TitleUDRKU,65.31425795766677
TitleWO8MR,65.3556845436918
Title190KW,62.69756547691482
Title97T93,67.22040693201482
TitleXW76I,64.99365475622233
TitleVRFXM,66.66790189993199
Title995GJ,65.72626211249855
TitleC58E9,61.73579284123272
TitleA4YR1,67.07528717286702
TitleV2LUY,64.51568641957415
TitleW4QDM,62.27271494559033
TitleXNK2D,64.23345867732483
TitleHRVFD,64.23345867732483
TitleM2XA4,65.83588033925074
Title90S23,60.84234321092667
TitleWIX5Q,65.82214153761308
TitlePOV52,65.04347693688503
TitleOTE7P,67.62746464608696
Title2B2J1,65.83588033925074
TitleZIRXS,66.1124754121979
TitleXTPUW,65.78053507501627
TitleS0HH3,65.8764145001308
TitleIVZ0Y,65.07662931003266
TitleQH0WL,64.1791857148071
TitleD7FEB,64.70519307615716
Title22T2W,65.13280738818868
Title7J25D,62.573812985606345
TitleT1MPM,64.68387161234412
TitleTEPP3,65.8181972837979
TitleYSQFY,65.8783658733309
TitleNNU37,66.26827414863676
TitleE12LU,65.13280738818868
TitleO8F7Q,65.31515038281172
TitleEGHOX,64.89029985148724
Title440N4,65.11705127564208
TitleC0HRY,65.23089395149073
TitleHRCKP,65.52256952962811
TitleVQ9Q9,68.63600400900883
TitleSDUWU,61.73579284123272
Title09FWX,62.27271494559033
TitleWRUZ0,64.89029985148724
Title1UDCX,62.21844198307261
Title9TF1P,66.63709527943891
TitleESREM,65.31515038281172
TitleFJHQS,64.5944857157176
TitleC5AFU,64.83602688896951
TitleC3OLZ,65.08270540999341
TitleOMMU4,64.93278538556741
TitleW3NVI,64.89029985148724
Title7CCFK,62.69756547691482
TitleXHLU2,62.958187627220504
TitleW27M7,63.593322762210235
TitleQXRG7,60.91045169918205
Title2XL6E,62.16064337255721
TitleCQ4PO,62.16064337255721
TitleTDJQN,62.22563447294855
TitleGMAO2,68.18857974684613
TitlePLC71,63.46850592043419
Title1I5CJ,65.713885708962
TitleQDIDK,61.73579284123272
TitleSEZ20,66.4298130920719
Title7LBW2,64.92479431428036
TitleIA8LJ,63.74018729326418
Title9J4YZ,65.415010647811
Title1BD1Q,66.05949163398571
TitleUPJJM,67.79121455597692
TitleEUG5R,63.50852323780839
TitleU14X6,64.02703043818171
TitleFLO71,65.3869814844677
Title9F177,65.415010647811
TitleI18WE,67.34125191115808
TitleQCOHJ,66.26827414863676
TitlePUZPF,64.15928473290487
TitleRMFT0,65.78053507501627
TitleNTW9J,69.24062219016925
TitleRAAEQ,65.1134616349219
TitleBLZ1K,65.01506547461976
TitleLFEGS,61.73579284123272
TitleWGIP0,62.16064337255721
TitleYIQC7,63.808608146000346
Title4T9UI,65.44947357144765
TitleJCGD4,64.23345867732483
Title4UCSV,66.98231812415473
TitleVGWJI,65.92483374061507
Title6PDYR,65.24061715624552
TitleOEXQ0,66.80369288741596
TitleAQDC3,67.68579162421938
TitleEO95C,65.73058260353643
Title9XFSQ,63.754335183482624
TitleRJ50A,66.30126503145529
TitleVHXZC,64.59021494329528
Title3QXPT,67.28171541201014
TitleF6IUA,64.89029985148724
TitleOQ8MT,65.1876518206359
Title0QTJ8,62.46834599550468
TitleAB7UO,64.07073759527115
TitleHE30O,63.40649938589181
Title3AC1Z,61.860558464365255
TitleQP3TD,65.29819578162031
Title7LMA8,62.04349546418019
TitleNHR0O,65.24061715624552
TitleKLOAL,64.27506513992164
TitleVTBKT,63.030631165093894
TitleGVZ2J,64.76127367726271
TitleQ6VWC,61.32183347122735
TitleOSGZM,66.66459444339561
Title4GD3E,64.57405277732832
TitleKK4L3,65.42116425786936
Title2JDYT,65.83588033925074
TitleEM1O5,69.98821014199612
Title64TCM,61.73579284123272
Title080G4,66.8271782829411
TitleJB7MG,61.43570793304077
Title4D8TS,66.26827414863676
Title3E2Z7,65.13280738818868
TitleKNVMI,66.42650563553552
Title0RBVZ,66.65484641599033
Title5697Z,64.75939034444448
TitleZ8I4T,61.681519878715
TitleROM86,64.83602688896951
TitleVT1MW,66.26750470789403
TitleY00CY,67.04362660415005
TitleQ0ZNJ,64.1791857148071
Title4L28B,65.66625467928047
TitleQLRIK,62.27271494559033
TitleYTBNS,65.61205741099315
TitleUCJ2Q,67.04362660415005
TitleQU9VW,65.28074638348987
Title4XE6R,63.754335183482624
TitleL4TLW,61.80095696506956
TitlePKOT8,62.10637041003949
TitleUIRVO,61.73579284123272
Title9C871,64.51568641957415
TitleE1RTN,66.01278586315875
TitleR5MLV,61.43570793304077
Title4QGAU,64.90544856101359
TitleGFGS1,62.98692400800446
Title34FKP,61.80095696506956
TitleS8JXS,66.99419489404696
TitleX7WEY,62.16064337255721
Title0IRWR,65.39566489454423
Title4AI1N,67.95049093898604
TitleN1I24,64.83602688896951
Title5MIVY,61.73579284123272
TitleYU35X,66.37884235609148
TitleHD1OC,61.80095696506956
Title0MN1N,65.44306208557325
TitleJNIM9,64.77523246404097
TitleDQJEL,65.73058260353643
TitleM2X5I,62.98692400800446
Title8UKWD,65.31515038281172
Title08QJW,65.01506547461976
TitleK8L29,64.89029985148724
TitleZVJNF,65.1087221436686
TitleO2XA4,61.37610643374507
TitleXULX3,65.62945210010761
TitleY9BHV,61.82420436882579
Title9NP2U,61.73579284123272
TitlePYJNG,65.73058260353643
TitleLN0CY,65.31515038281172
TitleJRZ9R,65.31515038281172
TitleT3H5S,68.80910428026431
TitleGZ5KM,65.42116425786936
TitleOL48T,65.45315776921866
TitleRDNKG,61.73579284123272
TitleS9UKU,62.56207347667997
Title5PNRG,65.20008299536545
TitleTCIQZ,68.65396443905068
TitleNDV0Q,61.73579284123272
Title6GMBZ,64.12290986329624
TitleS5C63,62.66609211524563
TitleZ3ALP,63.92119592504477
Title05BKD,67.38937583822687
TitleC852B,63.754335183482624
TitleP3YTE,67.48346940102522
TitleK8WB2,64.15928473290487
TitleQH2XE,64.1791857148071
TitleWVZ53,65.41102980792625
TitleERZI4,65.35675684540853
Title0UP6M,69.15639229501136
TitleONHWJ,61.80095696506956
Title8ILK0,65.44306208557325
TitleFIEHM,61.03966743001365
TitleKGM9B,64.62959864982639
TitleT48LG,66.5752073308415
TitleAG8Z5,65.31515038281172
TitleN727X,65.75162390792974
Title2Z9TI,64.21971987568719
Title08ADX,64.27399283820492
Title19QHR,66.45595077346069
TitleBNSOP,62.46834599550468
TitleJ9D04,64.69991567124612
Title1U32Y,65.41102980792625
TitleWA9UQ,65.35117955983249
TitleML5JC,63.98422161728997
TitleEO1H8,64.76127367726271
TitleGE7MP,65.260877420294
TitleHLSF2,61.03966743001365
TitleM2BU1,65.68222514024502
TitleUV6AT,64.51568641957415
TitleBDLH3,69.62177698721591
Title1YMGO,63.97275747566398
Title3NHIN,65.3576359168919
Title749TU,65.73058260353643
